{"cameraMode":{"drawMode":0,"name":"Shaded","section":"Shading Mode"},"sceneLighting":true,"audioPlay":false,"sceneViewState":{"showFog":false,"showMaterialUpdate":false,"showSkybox":false,"showFlares":false,"showImageEffects":false,"showParticleSystems":false},"in2DMode":false,"pivot":{"x":0.8842411041259766,"y":0.07602536678314209,"z":-1.3711700439453126},"rotation":{"x":-0.007211426272988319,"y":0.9926267862319946,"z":-0.07608447223901749,"w":-0.09408371150493622},"size":7.379779815673828,"orthographic":false}